<?xml version='1.0' encoding='UTF-8'?>
<?artifactRepository version='1.1.0'?>
<repository name='Bundle pool' type='org.eclipse.equinox.p2.artifact.repository.simpleRepository' version='1'>
  <properties size='2'>
    <property name='p2.system' value='true'/>
    <property name='p2.timestamp' value='1284708866720'/>
  </properties>
  <mappings size='3'>
    <rule filter='(&amp; (classifier=osgi.bundle))' output='${repoUrl}/plugins/${id}_${version}.jar'/>
    <rule filter='(&amp; (classifier=binary))' output='${repoUrl}/binary/${id}_${version}'/>
    <rule filter='(&amp; (classifier=org.eclipse.update.feature))' output='${repoUrl}/features/${id}_${version}.jar'/>
  </mappings>
  <artifacts size='308'>
    <artifact classifier='osgi.bundle' id='org.eclipse.update.core.win32' version='3.2.200.v20100512'>
      <properties size='1'>
        <property name='download.size' value='86328'/>
      </properties>
    </artifact>
    <artifact classifier='osgi.bundle' id='org.eclipse.mylyn.java.ui' version='3.4.0.v20100608-0100-e3x'>
      <properties size='1'>
        <property name='download.size' value='152790'/>
      </properties>
    </artifact>
    <artifact classifier='osgi.bundle' id='org.eclipse.platform.doc.user' version='3.6.1.r361_v20100825-0800'>
      <properties size='1'>
        <property name='download.size' value='7606210'/>
      </properties>
    </artifact>
    <artifact classifier='osgi.bundle' id='org.apache.lucene' version='1.9.1.v20100518-1140'>
      <properties size='1'>
        <property name='download.size' value='445306'/>
      </properties>
    </artifact>
    <artifact classifier='org.eclipse.update.feature' id='org.eclipse.epp.usagedata.feature' version='1.3.0.R201005261100'>
      <properties size='1'>
        <property name='download.size' value='18837'/>
      </properties>
      <repositoryProperties size='1'>
        <property name='artifact.folder' value='true'/>
      </repositoryProperties>
    </artifact>
    <artifact classifier='osgi.bundle' id='org.eclipse.core.runtime.compatibility.auth' version='3.2.200.v20100517'>
      <properties size='1'>
        <property name='download.size' value='22809'/>
      </properties>
    </artifact>
    <artifact classifier='osgi.bundle' id='org.eclipse.wst.common.modulecore.ui' version='1.0.2.v201009010400'>
      <properties size='1'>
        <property name='download.size' value='117832'/>
      </properties>
    </artifact>
    <artifact classifier='osgi.bundle' id='org.eclipse.mylyn.wikitext.mediawiki.ui' version='1.3.0.v20100608-0100-e3x'>
      <properties size='1'>
        <property name='download.size' value='10080'/>
      </properties>
    </artifact>
    <artifact classifier='osgi.bundle' id='org.eclipse.ecf.provider.filetransfer.ssl' version='1.0.0.v20100529-0735'>
      <properties size='1'>
        <property name='download.size' value='8464'/>
      </properties>
    </artifact>
    <artifact classifier='osgi.bundle' id='org.eclipse.draw2d' version='3.6.1.v20100913-2020'>
      <properties size='1'>
        <property name='download.size' value='554289'/>
      </properties>
    </artifact>
    <artifact classifier='osgi.bundle' id='org.eclipse.mylyn.wikitext.tasks.ui' version='1.3.1.v20100823-0100-e3x'>
      <properties size='1'>
        <property name='download.size' value='64721'/>
      </properties>
    </artifact>
    <artifact classifier='osgi.bundle' id='org.eclipse.gef' version='3.6.1.v20100712-1224'>
      <properties size='1'>
        <property name='download.size' value='831780'/>
      </properties>
    </artifact>
    <artifact classifier='osgi.bundle' id='org.mortbay.jetty.server' version='6.1.23.v201004211559'>
      <properties size='1'>
        <property name='download.size' value='557434'/>
      </properties>
    </artifact>
    <artifact classifier='osgi.bundle' id='org.eclipse.jdt.ui' version='3.6.1.r361_v20100825-0800'>
      <properties size='1'>
        <property name='download.size' value='9991651'/>
      </properties>
    </artifact>
    <artifact classifier='osgi.bundle' id='org.eclipse.ui.externaltools' version='3.2.0.v20100427'>
      <properties size='1'>
        <property name='download.size' value='134609'/>
      </properties>
    </artifact>
    <artifact classifier='osgi.bundle' id='org.eclipse.mylyn.wikitext.ui' version='1.3.0.v20100608-0100-e3x'>
      <properties size='1'>
        <property name='download.size' value='405195'/>
      </properties>
    </artifact>
    <artifact classifier='osgi.bundle' id='org.eclipse.mylyn.team.ui' version='3.4.2.v20100909-0100-e3x'>
      <properties size='1'>
        <property name='download.size' value='109268'/>
      </properties>
    </artifact>
    <artifact classifier='osgi.bundle' id='org.eclipse.core.boot' version='3.1.200.v20100505'>
      <properties size='1'>
        <property name='download.size' value='6262'/>
      </properties>
    </artifact>
    <artifact classifier='osgi.bundle' id='com.jcraft.jsch' version='0.1.41.v200903070017'>
      <properties size='1'>
        <property name='download.size' value='226756'/>
      </properties>
    </artifact>
    <artifact classifier='osgi.bundle' id='org.eclipse.wst.dtd.ui' version='1.0.500.v201004290328'>
      <properties size='1'>
        <property name='download.size' value='218309'/>
      </properties>
    </artifact>
    <artifact classifier='osgi.bundle' id='org.eclipse.swt.win32.win32.x86_64' version='3.6.1.v3655c'>
      <properties size='1'>
        <property name='download.size' value='2456827'/>
      </properties>
    </artifact>
    <artifact classifier='osgi.bundle' id='org.apache.commons.logging' version='1.0.4.v201005080501'>
      <properties size='1'>
        <property name='download.size' value='45398'/>
      </properties>
    </artifact>
    <artifact classifier='osgi.bundle' id='org.junit' version='4.8.1.v4_8_1_v20100427-1100'>
      <properties size='1'>
        <property name='download.size' value='202270'/>
      </properties>
      <repositoryProperties size='1'>
        <property name='artifact.folder' value='true'/>
      </repositoryProperties>
    </artifact>
    <artifact classifier='osgi.bundle' id='org.eclipse.wst.sse.ui' version='1.2.2.v201008232126'>
      <properties size='1'>
        <property name='download.size' value='935924'/>
      </properties>
    </artifact>
    <artifact classifier='osgi.bundle' id='org.eclipse.cvs' version='1.0.500.v201009090800'>
      <properties size='1'>
        <property name='download.size' value='14150'/>
      </properties>
    </artifact>
    <artifact classifier='osgi.bundle' id='org.eclipse.mylyn.java.tasks' version='3.4.0.v20100608-0100-e3x'>
      <properties size='1'>
        <property name='download.size' value='19816'/>
      </properties>
    </artifact>
    <artifact classifier='osgi.bundle' id='org.eclipse.epp.usagedata.recording' version='1.3.0.R201005261100'>
      <properties size='1'>
        <property name='download.size' value='47345'/>
      </properties>
    </artifact>
    <artifact classifier='osgi.bundle' id='org.eclipse.equinox.p2.metadata.repository' version='1.1.0.v20100513'>
      <properties size='1'>
        <property name='download.size' value='108925'/>
      </properties>
    </artifact>
    <artifact classifier='osgi.bundle' id='org.eclipse.equinox.http.jetty' version='2.0.0.v20100503'>
      <properties size='1'>
        <property name='download.size' value='24294'/>
      </properties>
    </artifact>
    <artifact classifier='osgi.bundle' id='org.eclipse.jsch.core' version='1.1.200.I20100505-1245'>
      <properties size='1'>
        <property name='download.size' value='35372'/>
      </properties>
    </artifact>
    <artifact classifier='osgi.bundle' id='org.eclipse.ui.navigator' version='3.5.0.I20100601-0800'>
      <properties size='1'>
        <property name='download.size' value='404868'/>
      </properties>
    </artifact>
    <artifact classifier='osgi.bundle' id='org.eclipse.equinox.p2.jarprocessor' version='1.0.200.v20100503a'>
      <properties size='1'>
        <property name='download.size' value='66999'/>
      </properties>
    </artifact>
    <artifact classifier='osgi.bundle' id='org.eclipse.ecf.identity' version='3.1.0.v20100529-0735'>
      <properties size='1'>
        <property name='download.size' value='54610'/>
      </properties>
    </artifact>
    <artifact classifier='org.eclipse.update.feature' id='org.eclipse.mylyn.context_feature' version='3.4.2.v20100916-0100-e3x-777718s73533L3L135331'>
      <properties size='1'>
        <property name='download.size' value='18276'/>
      </properties>
      <repositoryProperties size='1'>
        <property name='artifact.folder' value='true'/>
      </repositoryProperties>
    </artifact>
    <artifact classifier='osgi.bundle' id='org.eclipse.ui.intro' version='3.4.0.v20100427'>
      <properties size='1'>
        <property name='download.size' value='308486'/>
      </properties>
    </artifact>
    <artifact classifier='osgi.bundle' id='org.eclipse.xsd.edit' version='2.6.0.v20100914-1218'>
      <properties size='1'>
        <property name='download.size' value='222002'/>
      </properties>
    </artifact>
    <artifact classifier='osgi.bundle' id='org.eclipse.team.cvs.ssh2' version='3.2.300.I20100526-0800'>
      <properties size='1'>
        <property name='download.size' value='26903'/>
      </properties>
    </artifact>
    <artifact classifier='osgi.bundle' id='org.eclipse.equinox.http.servlet' version='1.1.0.v20100503'>
      <properties size='1'>
        <property name='download.size' value='42505'/>
      </properties>
    </artifact>
    <artifact classifier='osgi.bundle' id='org.eclipse.wst.dtd.core' version='1.1.400.v201004290328'>
      <properties size='1'>
        <property name='download.size' value='408719'/>
      </properties>
    </artifact>
    <artifact classifier='osgi.bundle' id='org.eclipse.equinox.event' version='1.2.0.v20100503'>
      <properties size='1'>
        <property name='download.size' value='30583'/>
      </properties>
    </artifact>
    <artifact classifier='osgi.bundle' id='org.eclipse.equinox.app' version='1.3.1.R36x_v20100803'>
      <properties size='1'>
        <property name='download.size' value='83838'/>
      </properties>
    </artifact>
    <artifact classifier='osgi.bundle' id='org.eclipse.osgi' version='3.6.1.R36x_v20100806'>
      <properties size='1'>
        <property name='download.size' value='1147555'/>
      </properties>
    </artifact>
    <artifact classifier='osgi.bundle' id='org.eclipse.emf.common' version='2.6.0.v20100914-1218'>
      <properties size='1'>
        <property name='download.size' value='211652'/>
      </properties>
    </artifact>
    <artifact classifier='osgi.bundle' id='org.eclipse.wst.common.modulecore' version='1.2.3.v201008242000'>
      <properties size='1'>
        <property name='download.size' value='364191'/>
      </properties>
    </artifact>
    <artifact classifier='osgi.bundle' id='org.eclipse.ui.ide.application' version='1.0.201.M20100707-0800'>
      <properties size='1'>
        <property name='download.size' value='63847'/>
      </properties>
    </artifact>
    <artifact classifier='osgi.bundle' id='org.eclipse.wst.standard.schemas' version='1.0.300.v201004110600'>
      <properties size='1'>
        <property name='download.size' value='156222'/>
      </properties>
    </artifact>
    <artifact classifier='osgi.bundle' id='org.eclipse.wst.xmleditor.doc.user' version='1.0.700.v201005192212'>
      <properties size='1'>
        <property name='download.size' value='129725'/>
      </properties>
    </artifact>
    <artifact classifier='osgi.bundle' id='org.eclipse.equinox.p2.ui.sdk' version='1.0.100.v20100513'>
      <properties size='1'>
        <property name='download.size' value='39203'/>
      </properties>
    </artifact>
    <artifact classifier='osgi.bundle' id='org.eclipse.core.variables' version='3.2.400.v20100505'>
      <properties size='1'>
        <property name='download.size' value='33006'/>
      </properties>
    </artifact>
    <artifact classifier='osgi.bundle' id='javax.xml' version='1.3.4.v201005080400'>
      <properties size='1'>
        <property name='download.size' value='237988'/>
      </properties>
    </artifact>
    <artifact classifier='osgi.bundle' id='org.eclipse.compare.core' version='3.5.100.I20100526-0800'>
      <properties size='1'>
        <property name='download.size' value='61582'/>
      </properties>
    </artifact>
    <artifact classifier='osgi.bundle' id='org.eclipse.epp.usagedata.gathering' version='1.3.0.R201005261100'>
      <properties size='1'>
        <property name='download.size' value='39069'/>
      </properties>
    </artifact>
    <artifact classifier='osgi.bundle' id='org.eclipse.mylyn' version='3.4.0.v20100608-0100-e3x'>
      <properties size='1'>
        <property name='download.size' value='8295'/>
      </properties>
    </artifact>
    <artifact classifier='osgi.bundle' id='org.eclipse.equinox.security' version='1.0.200.v20100503'>
      <properties size='1'>
        <property name='download.size' value='106100'/>
      </properties>
    </artifact>
    <artifact classifier='osgi.bundle' id='org.eclipse.jsch.ui' version='1.1.300.I20100505-1245'>
      <properties size='1'>
        <property name='download.size' value='88651'/>
      </properties>
    </artifact>
    <artifact classifier='osgi.bundle' id='org.eclipse.wst.common.ui' version='1.1.500.v200911190730'>
      <properties size='1'>
        <property name='download.size' value='141358'/>
      </properties>
    </artifact>
    <artifact classifier='osgi.bundle' id='org.apache.xml.resolver' version='1.2.0.v201005080400'>
      <properties size='1'>
        <property name='download.size' value='96357'/>
      </properties>
    </artifact>
    <artifact classifier='osgi.bundle' id='org.eclipse.ui.intro.universal' version='3.2.402.r36_v20100702'>
      <properties size='1'>
        <property name='download.size' value='1634976'/>
      </properties>
      <repositoryProperties size='1'>
        <property name='artifact.folder' value='true'/>
      </repositoryProperties>
    </artifact>
    <artifact classifier='osgi.bundle' id='org.mortbay.jetty.util' version='6.1.23.v201004211559'>
      <properties size='1'>
        <property name='download.size' value='192846'/>
      </properties>
    </artifact>
    <artifact classifier='osgi.bundle' id='org.apache.commons.codec' version='1.3.0.v20100106-1700'>
      <properties size='1'>
        <property name='download.size' value='54998'/>
      </properties>
    </artifact>
    <artifact classifier='osgi.bundle' id='org.eclipse.emf.ecore.edit' version='2.6.0.v20100914-1218'>
      <properties size='1'>
        <property name='download.size' value='124158'/>
      </properties>
    </artifact>
    <artifact classifier='osgi.bundle' id='org.eclipse.ant.launching' version='1.0.0.v20100427'>
      <properties size='1'>
        <property name='download.size' value='149250'/>
      </properties>
    </artifact>
    <artifact classifier='osgi.bundle' id='org.eclipse.core.jobs' version='3.5.1.R36x_v20100824'>
      <properties size='1'>
        <property name='download.size' value='90875'/>
      </properties>
    </artifact>
    <artifact classifier='osgi.bundle' id='org.eclipse.mylyn.resources.ui' version='3.4.1.v20100909-0100-e3x'>
      <properties size='1'>
        <property name='download.size' value='63458'/>
      </properties>
    </artifact>
    <artifact classifier='osgi.bundle' id='org.eclipse.ant.ui' version='3.5.0.v20100427'>
      <properties size='1'>
        <property name='download.size' value='954264'/>
      </properties>
    </artifact>
    <artifact classifier='osgi.bundle' id='org.eclipse.core.runtime.compatibility.registry' version='3.3.0.v20100520'>
      <properties size='1'>
        <property name='download.size' value='16894'/>
      </properties>
      <repositoryProperties size='1'>
        <property name='artifact.folder' value='true'/>
      </repositoryProperties>
    </artifact>
    <artifact classifier='osgi.bundle' id='org.eclipse.jdt.core.manipulation' version='1.3.0.v20100520-0800'>
      <properties size='1'>
        <property name='download.size' value='85887'/>
      </properties>
    </artifact>
    <artifact classifier='osgi.bundle' id='org.eclipse.debug.core' version='3.6.0.v20100519'>
      <properties size='1'>
        <property name='download.size' value='342641'/>
      </properties>
    </artifact>
    <artifact classifier='osgi.bundle' id='org.eclipse.equinox.p2.ql' version='2.0.0.v20100503a'>
      <properties size='1'>
        <property name='download.size' value='7799'/>
      </properties>
    </artifact>
    <artifact classifier='org.eclipse.update.feature' id='org.eclipse.platform' version='3.6.1.r361_v20100909-9gF78GrkFqw7GrsZnvz0JWNTeb6fue6896L'>
      <properties size='1'>
        <property name='download.size' value='31660'/>
      </properties>
      <repositoryProperties size='1'>
        <property name='artifact.folder' value='true'/>
      </repositoryProperties>
    </artifact>
    <artifact classifier='osgi.bundle' id='org.eclipse.equinox.p2.metadata.generator' version='1.0.200.v20100503a'>
      <properties size='1'>
        <property name='download.size' value='133217'/>
      </properties>
    </artifact>
    <artifact classifier='osgi.bundle' id='org.eclipse.jface' version='3.6.1.M20100825-0800'>
      <properties size='1'>
        <property name='download.size' value='1069488'/>
      </properties>
    </artifact>
    <artifact classifier='osgi.bundle' id='org.eclipse.wst.validation.infopop' version='1.0.300.v200806041506'>
      <properties size='1'>
        <property name='download.size' value='9337'/>
      </properties>
    </artifact>
    <artifact classifier='org.eclipse.update.feature' id='org.eclipse.equinox.p2.user.ui' version='2.0.1.r361_v20100903-897HFZFFZRuSD2LMtVxyz0Vr'>
      <properties size='1'>
        <property name='download.size' value='30673'/>
      </properties>
      <repositoryProperties size='1'>
        <property name='artifact.folder' value='true'/>
      </repositoryProperties>
    </artifact>
    <artifact classifier='osgi.bundle' id='org.eclipse.equinox.p2.extensionlocation' version='1.2.0.v20100518'>
      <properties size='1'>
        <property name='download.size' value='33908'/>
      </properties>
    </artifact>
    <artifact classifier='osgi.bundle' id='org.apache.commons.httpclient' version='3.1.0.v20080605-1935'>
      <properties size='1'>
        <property name='download.size' value='320150'/>
      </properties>
    </artifact>
    <artifact classifier='osgi.bundle' id='org.eclipse.equinox.p2.engine' version='2.0.0.v20100606'>
      <properties size='1'>
        <property name='download.size' value='177986'/>
      </properties>
    </artifact>
    <artifact classifier='osgi.bundle' id='org.eclipse.jdt.apt.core' version='3.3.401.R36_v20100727-0110'>
      <properties size='1'>
        <property name='download.size' value='363706'/>
      </properties>
    </artifact>
    <artifact classifier='osgi.bundle' id='org.apache.xml.serializer' version='2.7.1.v201005080400'>
      <properties size='1'>
        <property name='download.size' value='293200'/>
      </properties>
    </artifact>
    <artifact classifier='osgi.bundle' id='org.eclipse.ecf.provider.filetransfer.httpclient' version='4.0.0.v20100529-0735'>
      <properties size='1'>
        <property name='download.size' value='68421'/>
      </properties>
    </artifact>
    <artifact classifier='osgi.bundle' id='org.eclipse.ui.workbench' version='3.6.1.M20100826-1330'>
      <properties size='1'>
        <property name='download.size' value='4133262'/>
      </properties>
    </artifact>
    <artifact classifier='osgi.bundle' id='org.eclipse.equinox.jsp.jasper.registry' version='1.0.200.v20100503'>
      <properties size='1'>
        <property name='download.size' value='11131'/>
      </properties>
    </artifact>
    <artifact classifier='osgi.bundle' id='org.eclipse.wst.xsd.core' version='1.1.502.v201008201521'>
      <properties size='1'>
        <property name='download.size' value='70876'/>
      </properties>
    </artifact>
    <artifact classifier='org.eclipse.update.feature' id='org.eclipse.jdt' version='3.6.1.r361_v20100714-0800-7z8XFUSFLFlmgLc5z-Bvrt8-HVkH'>
      <properties size='1'>
        <property name='download.size' value='30728'/>
      </properties>
      <repositoryProperties size='1'>
        <property name='artifact.folder' value='true'/>
      </repositoryProperties>
    </artifact>
    <artifact classifier='osgi.bundle' id='org.eclipse.mylyn.wikitext.confluence.ui' version='1.3.0.v20100608-0100-e3x'>
      <properties size='1'>
        <property name='download.size' value='10377'/>
      </properties>
    </artifact>
    <artifact classifier='osgi.bundle' id='org.apache.commons.logging' version='1.0.4.v200904062259'>
      <properties size='1'>
        <property name='download.size' value='44206'/>
      </properties>
    </artifact>
    <artifact classifier='osgi.bundle' id='org.eclipse.core.filesystem' version='1.3.1.R36x_v20100727-0745'>
      <properties size='1'>
        <property name='download.size' value='52709'/>
      </properties>
    </artifact>
    <artifact classifier='osgi.bundle' id='org.eclipse.core.runtime.compatibility' version='3.2.100.v20100505'>
      <properties size='1'>
        <property name='download.size' value='92803'/>
      </properties>
    </artifact>
    <artifact classifier='osgi.bundle' id='org.eclipse.equinox.simpleconfigurator.manipulator' version='2.0.0.v20100503'>
      <properties size='1'>
        <property name='download.size' value='22826'/>
      </properties>
    </artifact>
    <artifact classifier='osgi.bundle' id='org.eclipse.mylyn.discovery.ui' version='3.4.0.v20100608-0100-e3x'>
      <properties size='1'>
        <property name='download.size' value='99329'/>
      </properties>
    </artifact>
    <artifact classifier='osgi.bundle' id='org.eclipse.mylyn.ide.ant' version='3.4.0.v20100608-0100-e3x'>
      <properties size='1'>
        <property name='download.size' value='24499'/>
      </properties>
    </artifact>
    <artifact classifier='osgi.bundle' id='org.eclipse.equinox.concurrent' version='1.0.100.v20100503'>
      <properties size='1'>
        <property name='download.size' value='19900'/>
      </properties>
    </artifact>
    <artifact classifier='osgi.bundle' id='org.eclipse.wst.common.uriresolver' version='1.1.401.v201004280700'>
      <properties size='1'>
        <property name='download.size' value='39671'/>
      </properties>
    </artifact>
    <artifact classifier='osgi.bundle' id='org.eclipse.ui.views.log' version='1.0.100.v20100423'>
      <properties size='1'>
        <property name='download.size' value='138410'/>
      </properties>
    </artifact>
    <artifact classifier='org.eclipse.update.feature' id='org.eclipse.mylyn.ide_feature' version='3.4.2.v20100916-0100-e3x-7G7J2BgJ9E99jDd49E994'>
      <properties size='1'>
        <property name='download.size' value='18381'/>
      </properties>
      <repositoryProperties size='1'>
        <property name='artifact.folder' value='true'/>
      </repositoryProperties>
    </artifact>
    <artifact classifier='osgi.bundle' id='org.eclipse.wst.common.frameworks' version='1.2.0.v201003040800'>
      <properties size='1'>
        <property name='download.size' value='114319'/>
      </properties>
    </artifact>
    <artifact classifier='osgi.bundle' id='org.eclipse.epp.package.common' version='1.3.1.20100913-1228'>
      <properties size='1'>
        <property name='download.size' value='8154'/>
      </properties>
    </artifact>
    <artifact classifier='osgi.bundle' id='org.eclipse.mylyn.wikitext.twiki.core' version='1.3.0.v20100608-0100-e3x'>
      <properties size='1'>
        <property name='download.size' value='45122'/>
      </properties>
    </artifact>
    <artifact classifier='osgi.bundle' id='org.eclipse.equinox.p2.ui.discovery' version='1.0.0.v20100519'>
      <properties size='1'>
        <property name='download.size' value='149409'/>
      </properties>
    </artifact>
    <artifact classifier='osgi.bundle' id='org.eclipse.core.filesystem.win32.x86_64' version='1.1.201.R36x_v20100727-0745'>
      <properties size='1'>
        <property name='download.size' value='28384'/>
      </properties>
    </artifact>
    <artifact classifier='org.eclipse.update.feature' id='org.eclipse.epp.package.java.feature' version='1.3.1.20100916-1202'>
      <properties size='1'>
        <property name='download.size' value='16905'/>
      </properties>
      <repositoryProperties size='1'>
        <property name='artifact.folder' value='true'/>
      </repositoryProperties>
    </artifact>
    <artifact classifier='osgi.bundle' id='org.eclipse.wst.dtdeditor.doc.user' version='1.0.600.v201005192212'>
      <properties size='1'>
        <property name='download.size' value='38436'/>
      </properties>
    </artifact>
    <artifact classifier='osgi.bundle' id='org.eclipse.mylyn.tasks.ui' version='3.4.2.v20100902-0100-e3x'>
      <properties size='1'>
        <property name='download.size' value='1612849'/>
      </properties>
    </artifact>
    <artifact classifier='osgi.bundle' id='com.ibm.icu' version='4.2.1.v20100412'>
      <properties size='1'>
        <property name='download.size' value='6451214'/>
      </properties>
    </artifact>
    <artifact classifier='osgi.bundle' id='org.apache.xerces' version='2.9.0.v201005080400'>
      <properties size='1'>
        <property name='download.size' value='1301767'/>
      </properties>
    </artifact>
    <artifact classifier='osgi.bundle' id='org.eclipse.core.databinding' version='1.3.100.I20100601-0800'>
      <properties size='1'>
        <property name='download.size' value='199755'/>
      </properties>
    </artifact>
    <artifact classifier='osgi.bundle' id='org.eclipse.mylyn.wikitext.twiki.ui' version='1.3.0.v20100608-0100-e3x'>
      <properties size='1'>
        <property name='download.size' value='8950'/>
      </properties>
    </artifact>
    <artifact classifier='osgi.bundle' id='org.eclipse.ecf.ssl' version='1.0.0.v20100529-0735'>
      <properties size='1'>
        <property name='download.size' value='11551'/>
      </properties>
    </artifact>
    <artifact classifier='osgi.bundle' id='org.eclipse.mylyn.wikitext.tracwiki.core' version='1.3.0.v20100608-0100-e3x'>
      <properties size='1'>
        <property name='download.size' value='57650'/>
      </properties>
    </artifact>
    <artifact classifier='osgi.bundle' id='org.apache.ws.commons.util' version='1.0.0.v20100518-1135'>
      <properties size='1'>
        <property name='download.size' value='43545'/>
      </properties>
    </artifact>
    <artifact classifier='osgi.bundle' id='org.apache.commons.el' version='1.0.0.v201004212143'>
      <properties size='1'>
        <property name='download.size' value='128694'/>
      </properties>
    </artifact>
    <artifact classifier='osgi.bundle' id='org.eclipse.jdt.core' version='3.6.1.v_A68_R36x'>
      <properties size='1'>
        <property name='download.size' value='4513262'/>
      </properties>
    </artifact>
    <artifact classifier='osgi.bundle' id='org.eclipse.ui' version='3.6.1.M20100826-1330'>
      <properties size='1'>
        <property name='download.size' value='152805'/>
      </properties>
    </artifact>
    <artifact classifier='osgi.bundle' id='org.eclipse.swt' version='3.6.1.v3655c'>
      <properties size='1'>
        <property name='download.size' value='17322'/>
      </properties>
    </artifact>
    <artifact classifier='osgi.bundle' id='org.eclipse.ui.console' version='3.5.0.v20100526'>
      <properties size='1'>
        <property name='download.size' value='159947'/>
      </properties>
    </artifact>
    <artifact classifier='org.eclipse.update.feature' id='org.eclipse.wst.xml_core.feature' version='3.2.2.v201008170029-7C7OFXYF7RZHQHI5PyJwPT'>
      <properties size='1'>
        <property name='download.size' value='30360'/>
      </properties>
      <repositoryProperties size='1'>
        <property name='artifact.folder' value='true'/>
      </repositoryProperties>
    </artifact>
    <artifact classifier='osgi.bundle' id='org.eclipse.wst.xml.ui.infopop' version='1.0.400.v201004292007'>
      <properties size='1'>
        <property name='download.size' value='16351'/>
      </properties>
    </artifact>
    <artifact classifier='org.eclipse.update.feature' id='org.eclipse.mylyn.java_feature' version='3.4.2.v20100916-0100-e3x-7D7F-AkF7B77V7c37B773'>
      <properties size='1'>
        <property name='download.size' value='18366'/>
      </properties>
      <repositoryProperties size='1'>
        <property name='artifact.folder' value='true'/>
      </repositoryProperties>
    </artifact>
    <artifact classifier='osgi.bundle' id='org.eclipse.jdt.junit.core' version='3.6.1.r361_v20100825-0800'>
      <properties size='1'>
        <property name='download.size' value='142104'/>
      </properties>
    </artifact>
    <artifact classifier='osgi.bundle' id='org.eclipse.search' version='3.6.0.v20100520-0800'>
      <properties size='1'>
        <property name='download.size' value='465499'/>
      </properties>
    </artifact>
    <artifact classifier='osgi.bundle' id='org.eclipse.mylyn.tasks.search' version='3.4.0.v20100608-0100-e3x'>
      <properties size='1'>
        <property name='download.size' value='66022'/>
      </properties>
    </artifact>
    <artifact classifier='osgi.bundle' id='org.eclipse.jface.databinding' version='1.4.0.I20100601-0800'>
      <properties size='1'>
        <property name='download.size' value='268068'/>
      </properties>
    </artifact>
    <artifact classifier='osgi.bundle' id='org.eclipse.debug.ui' version='3.6.1.v20100901_r361'>
      <properties size='1'>
        <property name='download.size' value='2559345'/>
      </properties>
    </artifact>
    <artifact classifier='osgi.bundle' id='org.eclipse.jdt.apt.pluggable.core' version='1.0.301.R36_v20100727-0110'>
      <properties size='1'>
        <property name='download.size' value='32480'/>
      </properties>
    </artifact>
    <artifact classifier='osgi.bundle' id='javax.servlet.jsp' version='2.0.0.v200806031607'>
      <properties size='1'>
        <property name='download.size' value='63889'/>
      </properties>
    </artifact>
    <artifact classifier='osgi.bundle' id='org.eclipse.jdt.launching' version='3.5.100.v20100526'>
      <properties size='1'>
        <property name='download.size' value='292698'/>
      </properties>
    </artifact>
    <artifact classifier='osgi.bundle' id='org.apache.commons.lang' version='2.3.0.v201005080501'>
      <properties size='1'>
        <property name='download.size' value='259489'/>
      </properties>
    </artifact>
    <artifact classifier='osgi.bundle' id='org.eclipse.mylyn.wikitext.help.ui' version='1.3.0.v20100608-0100-e3x'>
      <properties size='1'>
        <property name='download.size' value='1246067'/>
      </properties>
    </artifact>
    <artifact classifier='osgi.bundle' id='org.eclipse.equinox.jsp.jasper' version='1.0.200.v20100421'>
      <properties size='1'>
        <property name='download.size' value='23805'/>
      </properties>
    </artifact>
    <artifact classifier='osgi.bundle' id='org.eclipse.mylyn.commons.ui' version='3.4.0.v20100608-0100-e3x'>
      <properties size='1'>
        <property name='download.size' value='401289'/>
      </properties>
    </artifact>
    <artifact classifier='osgi.bundle' id='org.eclipse.update.configurator' version='3.3.100.v20100512'>
      <properties size='1'>
        <property name='download.size' value='99899'/>
      </properties>
    </artifact>
    <artifact classifier='org.eclipse.update.feature' id='org.eclipse.mylyn_feature' version='3.4.2.v20100916-0100-e3x-7Z7f77FBBoPbPQeUoFeZXJ8'>
      <properties size='1'>
        <property name='download.size' value='18789'/>
      </properties>
      <repositoryProperties size='1'>
        <property name='artifact.folder' value='true'/>
      </repositoryProperties>
    </artifact>
    <artifact classifier='osgi.bundle' id='org.eclipse.mylyn.wikitext.core' version='1.3.1.v20100823-0100-e3x'>
      <properties size='1'>
        <property name='download.size' value='307802'/>
      </properties>
    </artifact>
    <artifact classifier='org.eclipse.update.feature' id='org.eclipse.wst.xml_ui.feature' version='3.2.2.v201008170029-7H7AFUQDxumQGOpBqffOY2f1qxDZ'>
      <properties size='1'>
        <property name='download.size' value='30528'/>
      </properties>
      <repositoryProperties size='1'>
        <property name='artifact.folder' value='true'/>
      </repositoryProperties>
    </artifact>
    <artifact classifier='osgi.bundle' id='org.eclipse.help.appserver' version='3.1.400.v20100427'>
      <properties size='1'>
        <property name='download.size' value='18308'/>
      </properties>
    </artifact>
    <artifact classifier='osgi.bundle' id='org.apache.commons.codec' version='1.3.0.v20100518-1140'>
      <properties size='1'>
        <property name='download.size' value='55003'/>
      </properties>
    </artifact>
    <artifact classifier='org.eclipse.update.feature' id='org.eclipse.wst.common_ui.feature' version='3.2.2.v201008091400-7C78FPhEdhO_mXde7kbap_K7X1Qt'>
      <properties size='1'>
        <property name='download.size' value='30357'/>
      </properties>
      <repositoryProperties size='1'>
        <property name='artifact.folder' value='true'/>
      </repositoryProperties>
    </artifact>
    <artifact classifier='osgi.bundle' id='org.eclipse.mylyn.bugzilla.ide' version='3.4.0.v20100608-0100-e3x'>
      <properties size='1'>
        <property name='download.size' value='12706'/>
      </properties>
    </artifact>
    <artifact classifier='osgi.bundle' id='org.eclipse.update.core' version='3.2.402.R36x_v20100629'>
      <properties size='1'>
        <property name='download.size' value='598198'/>
      </properties>
    </artifact>
    <artifact classifier='osgi.bundle' id='org.eclipse.jface.text' version='3.6.1.r361_v20100825-0800'>
      <properties size='1'>
        <property name='download.size' value='977596'/>
      </properties>
    </artifact>
    <artifact classifier='osgi.bundle' id='org.eclipse.ui.editors' version='3.6.1.r361_v20100825-0800'>
      <properties size='1'>
        <property name='download.size' value='556337'/>
      </properties>
    </artifact>
    <artifact classifier='osgi.bundle' id='org.eclipse.equinox.p2.operations' version='2.0.0.v20100510'>
      <properties size='1'>
        <property name='download.size' value='49520'/>
      </properties>
    </artifact>
    <artifact classifier='osgi.bundle' id='org.junit4' version='4.8.1.v20100525'>
      <properties size='1'>
        <property name='download.size' value='6022'/>
      </properties>
      <repositoryProperties size='1'>
        <property name='artifact.folder' value='true'/>
      </repositoryProperties>
    </artifact>
    <artifact classifier='osgi.bundle' id='org.eclipse.wst.common.snippets' version='1.2.1.v201008251905'>
      <properties size='1'>
        <property name='download.size' value='271580'/>
      </properties>
    </artifact>
    <artifact classifier='osgi.bundle' id='org.eclipse.mylyn.tasks.bugs' version='3.4.1.v20100823-0100-e3x'>
      <properties size='1'>
        <property name='download.size' value='86550'/>
      </properties>
    </artifact>
    <artifact classifier='osgi.bundle' id='org.eclipse.wst.common.infopop' version='1.0.300.v201004280700'>
      <properties size='1'>
        <property name='download.size' value='7765'/>
      </properties>
    </artifact>
    <artifact classifier='org.eclipse.update.feature' id='org.eclipse.mylyn.bugzilla_feature' version='3.4.2.v20100916-0100-e3x-7D773BgJ9DH9fCc4CICE1'>
      <properties size='1'>
        <property name='download.size' value='18418'/>
      </properties>
      <repositoryProperties size='1'>
        <property name='artifact.folder' value='true'/>
      </repositoryProperties>
    </artifact>
    <artifact classifier='osgi.bundle' id='org.eclipse.equinox.p2.publisher' version='1.1.2.v20100824-2220'>
      <properties size='1'>
        <property name='download.size' value='279659'/>
      </properties>
    </artifact>
    <artifact classifier='org.eclipse.update.feature' id='org.eclipse.equinox.p2.discovery.feature' version='1.0.0.v20100510-4--9oB5855K7P'>
      <properties size='1'>
        <property name='download.size' value='17376'/>
      </properties>
      <repositoryProperties size='1'>
        <property name='artifact.folder' value='true'/>
      </repositoryProperties>
    </artifact>
    <artifact classifier='osgi.bundle' id='org.eclipse.core.net' version='1.2.100.I20100511-0800'>
      <properties size='1'>
        <property name='download.size' value='65576'/>
      </properties>
    </artifact>
    <artifact classifier='osgi.bundle' id='org.eclipse.jem.util' version='2.1.2.v201008120100'>
      <properties size='1'>
        <property name='download.size' value='105917'/>
      </properties>
    </artifact>
    <artifact classifier='org.eclipse.update.feature' id='org.eclipse.epp.package.common.feature' version='1.3.1.20100916-1202'>
      <properties size='1'>
        <property name='download.size' value='16613'/>
      </properties>
      <repositoryProperties size='1'>
        <property name='artifact.folder' value='true'/>
      </repositoryProperties>
    </artifact>
    <artifact classifier='osgi.bundle' id='org.eclipse.wst.sse.core' version='1.1.502.v201008311901'>
      <properties size='1'>
        <property name='download.size' value='417576'/>
      </properties>
    </artifact>
    <artifact classifier='osgi.bundle' id='org.eclipse.equinox.p2.core' version='2.0.2.R36x_v20100804'>
      <properties size='1'>
        <property name='download.size' value='67979'/>
      </properties>
    </artifact>
    <artifact classifier='osgi.bundle' id='org.eclipse.core.contenttype' version='3.4.100.v20100505-1235'>
      <properties size='1'>
        <property name='download.size' value='91927'/>
      </properties>
    </artifact>
    <artifact classifier='osgi.bundle' id='org.eclipse.ecf' version='3.1.0.v20100529-0735'>
      <properties size='1'>
        <property name='download.size' value='94407'/>
      </properties>
    </artifact>
    <artifact classifier='osgi.bundle' id='org.eclipse.wst.validation.ui' version='1.2.204.v201004150700'>
      <properties size='1'>
        <property name='download.size' value='142494'/>
      </properties>
    </artifact>
    <artifact classifier='osgi.bundle' id='org.eclipse.team.cvs.core' version='3.3.300.I20100526-0800'>
      <properties size='1'>
        <property name='download.size' value='578613'/>
      </properties>
    </artifact>
    <artifact classifier='osgi.bundle' id='org.eclipse.wst.xsd.ui' version='1.2.303.v201004290328'>
      <properties size='1'>
        <property name='download.size' value='1286125'/>
      </properties>
    </artifact>
    <artifact classifier='osgi.bundle' id='org.eclipse.core.runtime' version='3.6.0.v20100505'>
      <properties size='1'>
        <property name='download.size' value='70928'/>
      </properties>
    </artifact>
    <artifact classifier='osgi.bundle' id='org.eclipse.rcp' version='3.6.0.v201009090800'>
      <properties size='1'>
        <property name='download.size' value='14137'/>
      </properties>
    </artifact>
    <artifact classifier='osgi.bundle' id='org.eclipse.wst.common.environment' version='1.0.400.v200912181832'>
      <properties size='1'>
        <property name='download.size' value='44136'/>
      </properties>
    </artifact>
    <artifact classifier='osgi.bundle' id='org.apache.jasper' version='5.5.17.v201004212143'>
      <properties size='1'>
        <property name='download.size' value='1722559'/>
      </properties>
    </artifact>
    <artifact classifier='osgi.bundle' id='org.eclipse.mylyn.discovery.core' version='3.4.0.v20100608-0100-e3x'>
      <properties size='1'>
        <property name='download.size' value='79660'/>
      </properties>
    </artifact>
    <artifact classifier='osgi.bundle' id='org.eclipse.core.databinding.observable' version='1.3.0.I20100601-0800'>
      <properties size='1'>
        <property name='download.size' value='270401'/>
      </properties>
    </artifact>
    <artifact classifier='osgi.bundle' id='org.eclipse.jdt.apt.ui' version='3.3.300.v20100513-0845'>
      <properties size='1'>
        <property name='download.size' value='67797'/>
      </properties>
    </artifact>
    <artifact classifier='osgi.bundle' id='org.eclipse.wst.internet.cache' version='1.0.400.v201004280700'>
      <properties size='1'>
        <property name='download.size' value='42838'/>
      </properties>
    </artifact>
    <artifact classifier='osgi.bundle' id='org.eclipse.wst.sse.doc.user' version='1.1.100.v201005192212'>
      <properties size='1'>
        <property name='download.size' value='122161'/>
      </properties>
    </artifact>
    <artifact classifier='osgi.bundle' id='org.eclipse.mylyn.monitor.ui' version='3.4.0.v20100608-0100-e3x'>
      <properties size='1'>
        <property name='download.size' value='49504'/>
      </properties>
    </artifact>
    <artifact classifier='osgi.bundle' id='org.eclipse.core.databinding.property' version='1.3.0.I20100601-0800'>
      <properties size='1'>
        <property name='download.size' value='167679'/>
      </properties>
    </artifact>
    <artifact classifier='osgi.bundle' id='org.eclipse.ui.net' version='1.2.100.I20100505-1245'>
      <properties size='1'>
        <property name='download.size' value='46881'/>
      </properties>
    </artifact>
    <artifact classifier='osgi.bundle' id='org.eclipse.equinox.security.ui' version='1.0.200.v20100503'>
      <properties size='1'>
        <property name='download.size' value='214278'/>
      </properties>
    </artifact>
    <artifact classifier='osgi.bundle' id='org.eclipse.osgi.services' version='3.2.100.v20100503'>
      <properties size='1'>
        <property name='download.size' value='67437'/>
      </properties>
    </artifact>
    <artifact classifier='osgi.bundle' id='org.eclipse.mylyn.wikitext.confluence.core' version='1.3.0.v20100608-0100-e3x'>
      <properties size='1'>
        <property name='download.size' value='58735'/>
      </properties>
    </artifact>
    <artifact classifier='osgi.bundle' id='javax.xml.bind' version='2.0.0.v20080604-1500'>
      <properties size='1'>
        <property name='download.size' value='91792'/>
      </properties>
    </artifact>
    <artifact classifier='osgi.bundle' id='org.eclipse.mylyn.context.ui' version='3.4.1.v20100909-0100-e3x'>
      <properties size='1'>
        <property name='download.size' value='225478'/>
      </properties>
    </artifact>
    <artifact classifier='osgi.bundle' id='org.eclipse.wst.xsdeditor.doc.user' version='1.0.800.v201005192212'>
      <properties size='1'>
        <property name='download.size' value='120858'/>
      </properties>
    </artifact>
    <artifact classifier='osgi.bundle' id='org.eclipse.equinox.p2.metadata' version='2.0.0.v20100601'>
      <properties size='1'>
        <property name='download.size' value='328279'/>
      </properties>
    </artifact>
    <artifact classifier='org.eclipse.update.feature' id='org.eclipse.mylyn.team_feature' version='3.4.2.v20100916-0100-e3x-4317w31211A1A012110'>
      <properties size='1'>
        <property name='download.size' value='18272'/>
      </properties>
      <repositoryProperties size='1'>
        <property name='artifact.folder' value='true'/>
      </repositoryProperties>
    </artifact>
    <artifact classifier='osgi.bundle' id='org.eclipse.team.cvs.ui' version='3.3.301.R36x_v20100825-0800'>
      <properties size='1'>
        <property name='download.size' value='1665503'/>
      </properties>
    </artifact>
    <artifact classifier='org.eclipse.update.feature' id='org.eclipse.wst.xml_userdoc.feature' version='3.2.100.v201005241420-50FXNAkF7B77RBgFFBF'>
      <properties size='1'>
        <property name='download.size' value='30230'/>
      </properties>
      <repositoryProperties size='1'>
        <property name='artifact.folder' value='true'/>
      </repositoryProperties>
    </artifact>
    <artifact classifier='osgi.bundle' id='org.eclipse.equinox.p2.discovery.compatibility' version='1.0.0.v20100518'>
      <properties size='1'>
        <property name='download.size' value='49589'/>
      </properties>
    </artifact>
    <artifact classifier='osgi.bundle' id='org.eclipse.help.webapp' version='3.5.2.r36_r20100816'>
      <properties size='1'>
        <property name='download.size' value='525323'/>
      </properties>
    </artifact>
    <artifact classifier='osgi.bundle' id='org.eclipse.mylyn.context.core' version='3.4.1.v20100909-0100-e3x'>
      <properties size='1'>
        <property name='download.size' value='109524'/>
      </properties>
    </artifact>
    <artifact classifier='osgi.bundle' id='org.eclipse.ui.views.properties.tabbed' version='3.5.100.I20100509-0800'>
      <properties size='1'>
        <property name='download.size' value='103957'/>
      </properties>
    </artifact>
    <artifact classifier='osgi.bundle' id='org.eclipse.emf.ecore.change' version='2.5.1.v20100907-1643'>
      <properties size='1'>
        <property name='download.size' value='102788'/>
      </properties>
    </artifact>
    <artifact classifier='osgi.bundle' id='org.eclipse.jdt.junit4.runtime' version='1.1.100.v20100526-0800'>
      <properties size='1'>
        <property name='download.size' value='17630'/>
      </properties>
    </artifact>
    <artifact classifier='osgi.bundle' id='org.eclipse.ui.presentations.r21' version='3.2.200.I20100517-1500'>
      <properties size='1'>
        <property name='download.size' value='99352'/>
      </properties>
    </artifact>
    <artifact classifier='osgi.bundle' id='org.eclipse.equinox.p2.touchpoint.eclipse' version='2.0.2.R36x_v20100823'>
      <properties size='1'>
        <property name='download.size' value='117919'/>
      </properties>
    </artifact>
    <artifact classifier='osgi.bundle' id='org.eclipse.equinox.p2.directorywatcher' version='1.0.202.R36x_v20100727'>
      <properties size='1'>
        <property name='download.size' value='31533'/>
      </properties>
    </artifact>
    <artifact classifier='osgi.bundle' id='org.eclipse.wst.common.emfworkbench.integration' version='1.2.2.v201008242000'>
      <properties size='1'>
        <property name='download.size' value='140070'/>
      </properties>
    </artifact>
    <artifact classifier='osgi.bundle' id='org.eclipse.wst.common.project.facet.core' version='1.4.102.v201008170019'>
      <properties size='1'>
        <property name='download.size' value='360017'/>
      </properties>
    </artifact>
    <artifact classifier='osgi.bundle' id='org.eclipse.equinox.common' version='3.6.0.v20100503'>
      <properties size='1'>
        <property name='download.size' value='101958'/>
      </properties>
    </artifact>
    <artifact classifier='osgi.bundle' id='org.eclipse.equinox.p2.repository' version='2.0.1.R36x_v20100823'>
      <properties size='1'>
        <property name='download.size' value='150674'/>
      </properties>
    </artifact>
    <artifact classifier='osgi.bundle' id='org.eclipse.ltk.ui.refactoring' version='3.5.0.v20100526-0800'>
      <properties size='1'>
        <property name='download.size' value='455294'/>
      </properties>
    </artifact>
    <artifact classifier='osgi.bundle' id='org.eclipse.wst.common.frameworks.ui' version='1.2.0.v201004080500'>
      <properties size='1'>
        <property name='download.size' value='147746'/>
      </properties>
    </artifact>
    <artifact classifier='osgi.bundle' id='org.eclipse.emf.edit' version='2.6.0.v20100914-1218'>
      <properties size='1'>
        <property name='download.size' value='266172'/>
      </properties>
    </artifact>
    <artifact classifier='osgi.bundle' id='org.eclipse.ui.cheatsheets' version='3.4.0.v20100427'>
      <properties size='1'>
        <property name='download.size' value='329030'/>
      </properties>
    </artifact>
    <artifact classifier='osgi.bundle' id='org.eclipse.mylyn.commons.core' version='3.4.0.v20100608-0100-e3x'>
      <properties size='1'>
        <property name='download.size' value='25635'/>
      </properties>
    </artifact>
    <artifact classifier='osgi.bundle' id='org.eclipse.help.ui' version='3.5.2.r36_v20100702'>
      <properties size='1'>
        <property name='download.size' value='489877'/>
      </properties>
    </artifact>
    <artifact classifier='osgi.bundle' id='org.apache.ant' version='1.7.1.v20100518-1145'>
      <properties size='1'>
        <property name='download.size' value='2017573'/>
      </properties>
      <repositoryProperties size='1'>
        <property name='artifact.folder' value='true'/>
      </repositoryProperties>
    </artifact>
    <artifact classifier='osgi.bundle' id='org.eclipse.equinox.p2.console' version='1.0.200.v20100601'>
      <properties size='1'>
        <property name='download.size' value='23549'/>
      </properties>
    </artifact>
    <artifact classifier='osgi.bundle' id='org.eclipse.equinox.launcher' version='1.1.0.v20100507'>
      <properties size='1'>
        <property name='download.size' value='47023'/>
      </properties>
    </artifact>
    <artifact classifier='osgi.bundle' id='org.eclipse.equinox.http.registry' version='1.1.0.v20100503'>
      <properties size='1'>
        <property name='download.size' value='43740'/>
      </properties>
    </artifact>
    <artifact classifier='osgi.bundle' id='org.eclipse.core.resources' version='3.6.0.R36x_v20100825-0600'>
      <properties size='1'>
        <property name='download.size' value='769924'/>
      </properties>
    </artifact>
    <artifact classifier='osgi.bundle' id='org.eclipse.mylyn.help.ui' version='3.4.1.v20100823-0100-e3x'>
      <properties size='1'>
        <property name='download.size' value='2113322'/>
      </properties>
    </artifact>
    <artifact classifier='osgi.bundle' id='org.eclipse.equinox.p2.repository.tools' version='2.0.1.R36x_v20100823'>
      <properties size='1'>
        <property name='download.size' value='228870'/>
      </properties>
    </artifact>
    <artifact classifier='osgi.bundle' id='org.eclipse.core.expressions' version='3.4.200.v20100505'>
      <properties size='1'>
        <property name='download.size' value='86984'/>
      </properties>
    </artifact>
    <artifact classifier='osgi.bundle' id='org.eclipse.wst.validation' version='1.2.200.v201005271900'>
      <properties size='1'>
        <property name='download.size' value='405750'/>
      </properties>
    </artifact>
    <artifact classifier='osgi.bundle' id='org.eclipse.mylyn.commons.net' version='3.4.1.v20100625-2100-e3x'>
      <properties size='1'>
        <property name='download.size' value='68630'/>
      </properties>
    </artifact>
    <artifact classifier='osgi.bundle' id='org.eclipse.equinox.preferences' version='3.3.0.v20100503'>
      <properties size='1'>
        <property name='download.size' value='111095'/>
      </properties>
    </artifact>
    <artifact classifier='osgi.bundle' id='org.eclipse.epp.mpc.ui' version='1.0.1.v20100826-2143'>
      <properties size='1'>
        <property name='download.size' value='230960'/>
      </properties>
    </artifact>
    <artifact classifier='osgi.bundle' id='org.eclipse.text' version='3.5.0.v20100601-1300'>
      <properties size='1'>
        <property name='download.size' value='248068'/>
      </properties>
    </artifact>
    <artifact classifier='osgi.bundle' id='org.eclipse.equinox.p2.ui' version='2.0.0.v20100518'>
      <properties size='1'>
        <property name='download.size' value='503628'/>
      </properties>
    </artifact>
    <artifact classifier='osgi.bundle' id='org.eclipse.ui.workbench.compatibility' version='3.2.100.I20100511-0800'>
      <properties size='1'>
        <property name='download.size' value='13887'/>
      </properties>
      <repositoryProperties size='1'>
        <property name='artifact.folder' value='true'/>
      </repositoryProperties>
    </artifact>
    <artifact classifier='osgi.bundle' id='org.apache.lucene.analysis' version='1.9.1.v20100518-1140'>
      <properties size='1'>
        <property name='download.size' value='71545'/>
      </properties>
    </artifact>
    <artifact classifier='osgi.bundle' id='org.eclipse.mylyn.commons.xmlrpc' version='3.4.0.v20100608-0100-e3x'>
      <properties size='1'>
        <property name='download.size' value='34437'/>
      </properties>
    </artifact>
    <artifact classifier='osgi.bundle' id='org.eclipse.ecf.provider.filetransfer' version='3.1.0.v20100529-0735'>
      <properties size='1'>
        <property name='download.size' value='125191'/>
      </properties>
    </artifact>
    <artifact classifier='osgi.bundle' id='org.eclipse.wst.common.emf' version='1.2.1.v201008260500'>
      <properties size='1'>
        <property name='download.size' value='213574'/>
      </properties>
    </artifact>
    <artifact classifier='osgi.bundle' id='org.eclipse.wst.common.core' version='1.2.0.v200908252030'>
      <properties size='1'>
        <property name='download.size' value='53374'/>
      </properties>
    </artifact>
    <artifact classifier='osgi.bundle' id='org.eclipse.epp.package.java' version='1.3.1.20100913-1228'>
      <properties size='1'>
        <property name='download.size' value='49379'/>
      </properties>
      <repositoryProperties size='1'>
        <property name='artifact.folder' value='true'/>
      </repositoryProperties>
    </artifact>
    <artifact classifier='osgi.bundle' id='org.eclipse.core.net.win32.x86_64' version='1.0.100.I20100505-1245'>
      <properties size='1'>
        <property name='download.size' value='28202'/>
      </properties>
    </artifact>
    <artifact classifier='org.eclipse.update.feature' id='org.eclipse.epp.mpc' version='1.0.1.v20100826-2143'>
      <properties size='1'>
        <property name='download.size' value='18212'/>
      </properties>
      <repositoryProperties size='1'>
        <property name='artifact.folder' value='true'/>
      </repositoryProperties>
    </artifact>
    <artifact classifier='osgi.bundle' id='org.eclipse.emf.ecore.xmi' version='2.5.0.v20100521-1846'>
      <properties size='1'>
        <property name='download.size' value='219248'/>
      </properties>
    </artifact>
    <artifact classifier='osgi.bundle' id='org.eclipse.equinox.p2.updatechecker' version='1.1.101.R36x_v20100823'>
      <properties size='1'>
        <property name='download.size' value='16794'/>
      </properties>
    </artifact>
    <artifact classifier='osgi.bundle' id='org.eclipse.wst.server.core' version='1.1.204.v20100908'>
      <properties size='1'>
        <property name='download.size' value='353138'/>
      </properties>
    </artifact>
    <artifact classifier='osgi.bundle' id='org.eclipse.equinox.registry' version='3.5.0.v20100503'>
      <properties size='1'>
        <property name='download.size' value='182593'/>
      </properties>
    </artifact>
    <artifact classifier='osgi.bundle' id='org.eclipse.emf.ecore' version='2.6.1.v20100914-1218'>
      <properties size='1'>
        <property name='download.size' value='1231403'/>
      </properties>
    </artifact>
    <artifact classifier='osgi.bundle' id='org.eclipse.update.scheduler' version='3.2.300.v20100512'>
      <properties size='1'>
        <property name='download.size' value='31842'/>
      </properties>
    </artifact>
    <artifact classifier='osgi.bundle' id='org.eclipse.core.externaltools' version='1.0.1.v20100831_r361'>
      <properties size='1'>
        <property name='download.size' value='39475'/>
      </properties>
    </artifact>
    <artifact classifier='osgi.bundle' id='org.eclipse.ui.browser' version='3.3.0.v20100517'>
      <properties size='1'>
        <property name='download.size' value='188723'/>
      </properties>
    </artifact>
    <artifact classifier='osgi.bundle' id='org.eclipse.equinox.p2.garbagecollector' version='1.0.100.v20100503'>
      <properties size='1'>
        <property name='download.size' value='24519'/>
      </properties>
    </artifact>
    <artifact classifier='osgi.bundle' id='org.eclipse.equinox.p2.discovery' version='1.0.0.v20100503'>
      <properties size='1'>
        <property name='download.size' value='35422'/>
      </properties>
    </artifact>
    <artifact classifier='osgi.bundle' id='org.eclipse.wst.dtd.ui.infopop' version='1.0.300.v200805140200'>
      <properties size='1'>
        <property name='download.size' value='8935'/>
      </properties>
    </artifact>
    <artifact classifier='osgi.bundle' id='org.eclipse.equinox.simpleconfigurator' version='1.0.200.v20100503'>
      <properties size='1'>
        <property name='download.size' value='39333'/>
      </properties>
    </artifact>
    <artifact classifier='osgi.bundle' id='org.eclipse.jdt' version='3.6.1.v201009090800'>
      <properties size='1'>
        <property name='download.size' value='43597'/>
      </properties>
    </artifact>
    <artifact classifier='osgi.bundle' id='org.eclipse.mylyn.tasks.core' version='3.4.1.v20100730-0100-e3x'>
      <properties size='1'>
        <property name='download.size' value='367030'/>
      </properties>
    </artifact>
    <artifact classifier='osgi.bundle' id='org.eclipse.core.filebuffers' version='3.5.100.v20100520-0800'>
      <properties size='1'>
        <property name='download.size' value='113476'/>
      </properties>
    </artifact>
    <artifact classifier='osgi.bundle' id='org.eclipse.ant.core' version='3.2.200.v20100427'>
      <properties size='1'>
        <property name='download.size' value='97501'/>
      </properties>
    </artifact>
    <artifact classifier='osgi.bundle' id='org.eclipse.equinox.p2.updatesite' version='1.0.201.R36x_v20100823'>
      <properties size='1'>
        <property name='download.size' value='81628'/>
      </properties>
    </artifact>
    <artifact classifier='osgi.bundle' id='org.eclipse.jdt.debug.ui' version='3.5.0.v20100602-0830'>
      <properties size='1'>
        <property name='download.size' value='1332504'/>
      </properties>
    </artifact>
    <artifact classifier='osgi.bundle' id='org.eclipse.ui.ide' version='3.6.1.M20100825-0800'>
      <properties size='1'>
        <property name='download.size' value='2293063'/>
      </properties>
    </artifact>
    <artifact classifier='osgi.bundle' id='org.eclipse.equinox.launcher.win32.win32.x86_64' version='1.1.1.R36x_v20100810'>
      <properties size='1'>
        <property name='download.size' value='27500'/>
      </properties>
      <repositoryProperties size='1'>
        <property name='artifact.folder' value='true'/>
      </repositoryProperties>
    </artifact>
    <artifact classifier='osgi.bundle' id='org.eclipse.emf.edit.ui' version='2.6.0.v20100914-1218'>
      <properties size='1'>
        <property name='download.size' value='164312'/>
      </properties>
    </artifact>
    <artifact classifier='osgi.bundle' id='org.apache.commons.httpclient' version='3.1.0.v201005080502'>
      <properties size='1'>
        <property name='download.size' value='321329'/>
      </properties>
    </artifact>
    <artifact classifier='osgi.bundle' id='org.eclipse.jdt.junit' version='3.6.1.r361_v20100825-0800'>
      <properties size='1'>
        <property name='download.size' value='407203'/>
      </properties>
    </artifact>
    <artifact classifier='osgi.bundle' id='org.eclipse.equinox.frameworkadmin' version='2.0.0.v20100503'>
      <properties size='1'>
        <property name='download.size' value='34984'/>
      </properties>
    </artifact>
    <artifact classifier='osgi.bundle' id='org.eclipse.equinox.p2.artifact.repository' version='1.1.1.R36x_v20100901'>
      <properties size='1'>
        <property name='download.size' value='124554'/>
      </properties>
    </artifact>
    <artifact classifier='osgi.bundle' id='org.eclipse.team.core' version='3.5.100.R36x_v20100825-0800'>
      <properties size='1'>
        <property name='download.size' value='386285'/>
      </properties>
    </artifact>
    <artifact classifier='org.eclipse.update.feature' id='org.eclipse.help' version='1.2.0.v20100427-7e7jEQFEp4jsWcboLU9l93'>
      <properties size='1'>
        <property name='download.size' value='30490'/>
      </properties>
      <repositoryProperties size='1'>
        <property name='artifact.folder' value='true'/>
      </repositoryProperties>
    </artifact>
    <artifact classifier='osgi.bundle' id='org.eclipse.ltk.core.refactoring' version='3.5.100.v20100526-0800'>
      <properties size='1'>
        <property name='download.size' value='322570'/>
      </properties>
    </artifact>
    <artifact classifier='osgi.bundle' id='org.eclipse.platform' version='3.6.1.v201009090800'>
      <properties size='1'>
        <property name='download.size' value='342734'/>
      </properties>
      <repositoryProperties size='1'>
        <property name='artifact.folder' value='true'/>
      </repositoryProperties>
    </artifact>
    <artifact classifier='osgi.bundle' id='org.eclipse.wst.xml.ui' version='1.1.102.v201008251905'>
      <properties size='1'>
        <property name='download.size' value='940050'/>
      </properties>
    </artifact>
    <artifact classifier='osgi.bundle' id='org.eclipse.epp.mpc.core' version='1.0.0.v20100826-2143'>
      <properties size='1'>
        <property name='download.size' value='67727'/>
      </properties>
    </artifact>
    <artifact classifier='osgi.bundle' id='org.eclipse.core.databinding.beans' version='1.2.100.I20100601-0800'>
      <properties size='1'>
        <property name='download.size' value='75928'/>
      </properties>
    </artifact>
    <artifact classifier='osgi.bundle' id='org.eclipse.jdt.doc.user' version='3.6.1.r361_v20100721-0800'>
      <properties size='1'>
        <property name='download.size' value='7602836'/>
      </properties>
    </artifact>
    <artifact classifier='osgi.bundle' id='org.eclipse.equinox.p2.ui.sdk.scheduler' version='1.0.0.v20100507-1815'>
      <properties size='1'>
        <property name='download.size' value='58353'/>
      </properties>
    </artifact>
    <artifact classifier='osgi.bundle' id='org.eclipse.ui.workbench.texteditor' version='3.6.1.r361_v20100714-0800'>
      <properties size='1'>
        <property name='download.size' value='578106'/>
      </properties>
    </artifact>
    <artifact classifier='osgi.bundle' id='org.eclipse.update.ui' version='3.2.300.v20100512'>
      <properties size='1'>
        <property name='download.size' value='507184'/>
      </properties>
    </artifact>
    <artifact classifier='osgi.bundle' id='org.sat4j.pb' version='2.2.0.v20100429'>
      <properties size='1'>
        <property name='download.size' value='121389'/>
      </properties>
    </artifact>
    <artifact classifier='osgi.bundle' id='org.eclipse.equinox.p2.director' version='2.0.2.R36x_v20100823'>
      <properties size='1'>
        <property name='download.size' value='97252'/>
      </properties>
    </artifact>
    <artifact classifier='osgi.bundle' id='org.eclipse.ui.views' version='3.5.0.I20100527-0800'>
      <properties size='1'>
        <property name='download.size' value='90106'/>
      </properties>
    </artifact>
    <artifact classifier='osgi.bundle' id='org.eclipse.help.base' version='3.5.2.v201009090800'>
      <properties size='1'>
        <property name='download.size' value='398838'/>
      </properties>
    </artifact>
    <artifact classifier='osgi.bundle' id='org.eclipse.compare' version='3.5.100.I20100526-0800'>
      <properties size='1'>
        <property name='download.size' value='732754'/>
      </properties>
    </artifact>
    <artifact classifier='org.eclipse.update.feature' id='org.eclipse.cvs' version='1.2.0.v20100427-7B77FKt90GE5h0SBT5FV9A01911'>
      <properties size='1'>
        <property name='download.size' value='30443'/>
      </properties>
      <repositoryProperties size='1'>
        <property name='artifact.folder' value='true'/>
      </repositoryProperties>
    </artifact>
    <artifact classifier='osgi.bundle' id='org.eclipse.epp.usagedata.ui' version='1.3.0.R201005261100'>
      <properties size='1'>
        <property name='download.size' value='160463'/>
      </properties>
    </artifact>
    <artifact classifier='osgi.bundle' id='org.eclipse.emf.common.ui' version='2.6.0.v20100914-1218'>
      <properties size='1'>
        <property name='download.size' value='129008'/>
      </properties>
    </artifact>
    <artifact classifier='osgi.bundle' id='org.eclipse.wst.xml.core' version='1.1.502.v201009010342'>
      <properties size='1'>
        <property name='download.size' value='723592'/>
      </properties>
    </artifact>
    <artifact classifier='osgi.bundle' id='org.apache.xmlrpc' version='3.0.0.v20100427-1100'>
      <properties size='1'>
        <property name='download.size' value='229160'/>
      </properties>
    </artifact>
    <artifact classifier='osgi.bundle' id='org.eclipse.mylyn.bugzilla.core' version='3.4.2.v20100902-0100-e3x'>
      <properties size='1'>
        <property name='download.size' value='216110'/>
      </properties>
    </artifact>
    <artifact classifier='osgi.bundle' id='org.eclipse.jdt.debug' version='3.6.1.v20100715_r361'>
      <properties size='1'>
        <property name='download.size' value='815041'/>
      </properties>
      <repositoryProperties size='1'>
        <property name='artifact.folder' value='true'/>
      </repositoryProperties>
    </artifact>
    <artifact classifier='osgi.bundle' id='org.eclipse.mylyn.wikitext.mediawiki.core' version='1.3.0.v20100608-0100-e3x'>
      <properties size='1'>
        <property name='download.size' value='133813'/>
      </properties>
    </artifact>
    <artifact classifier='osgi.bundle' id='org.eclipse.equinox.util' version='1.0.200.v20100503'>
      <properties size='1'>
        <property name='download.size' value='76822'/>
      </properties>
    </artifact>
    <artifact classifier='osgi.bundle' id='org.eclipse.mylyn.wikitext.tracwiki.ui' version='1.3.0.v20100608-0100-e3x'>
      <properties size='1'>
        <property name='download.size' value='9086'/>
      </properties>
    </artifact>
    <artifact classifier='osgi.bundle' id='org.eclipse.team.ui' version='3.5.101.R36x_v20100825-0800'>
      <properties size='1'>
        <property name='download.size' value='1427275'/>
      </properties>
    </artifact>
    <artifact classifier='osgi.bundle' id='org.eclipse.mylyn.ide.ui' version='3.4.0.v20100608-0100-e3x'>
      <properties size='1'>
        <property name='download.size' value='34888'/>
      </properties>
    </artifact>
    <artifact classifier='osgi.bundle' id='org.eclipse.xsd' version='2.6.0.v20100914-1218'>
      <properties size='1'>
        <property name='download.size' value='992820'/>
      </properties>
    </artifact>
    <artifact classifier='osgi.bundle' id='org.eclipse.mylyn.team.cvs' version='3.4.1.v20100909-0100-e3x'>
      <properties size='1'>
        <property name='download.size' value='19626'/>
      </properties>
    </artifact>
    <artifact classifier='osgi.bundle' id='org.eclipse.help' version='3.5.0.v20100524'>
      <properties size='1'>
        <property name='download.size' value='257399'/>
      </properties>
    </artifact>
    <artifact classifier='osgi.bundle' id='org.eclipse.equinox.frameworkadmin.equinox' version='1.0.200.v20100505'>
      <properties size='1'>
        <property name='download.size' value='61057'/>
      </properties>
    </artifact>
    <artifact classifier='osgi.bundle' id='org.eclipse.ui.forms' version='3.5.2.r36_v20100702'>
      <properties size='1'>
        <property name='download.size' value='299001'/>
      </properties>
    </artifact>
    <artifact classifier='osgi.bundle' id='javax.servlet' version='2.5.0.v200910301333'>
      <properties size='1'>
        <property name='download.size' value='118873'/>
      </properties>
    </artifact>
    <artifact classifier='osgi.bundle' id='org.eclipse.ui.navigator.resources' version='3.4.201.M20100707-0800'>
      <properties size='1'>
        <property name='download.size' value='118842'/>
      </properties>
    </artifact>
    <artifact classifier='osgi.bundle' id='org.eclipse.epp.mpc.help.ui' version='1.0.0.v20100826-2143'>
      <properties size='1'>
        <property name='download.size' value='544355'/>
      </properties>
    </artifact>
    <artifact classifier='osgi.bundle' id='org.eclipse.compare.win32' version='1.0.100.I20100505-1245'>
      <properties size='1'>
        <property name='download.size' value='37269'/>
      </properties>
    </artifact>
    <artifact classifier='org.eclipse.update.feature' id='org.eclipse.wst.common_core.feature' version='3.2.2.v201008091400-7B7DFElF7RZHOZJ6W0PsNJ'>
      <properties size='1'>
        <property name='download.size' value='30343'/>
      </properties>
      <repositoryProperties size='1'>
        <property name='artifact.folder' value='true'/>
      </repositoryProperties>
    </artifact>
    <artifact classifier='osgi.bundle' id='org.eclipse.jdt.compiler.tool' version='1.0.100.v_A68_R36x'>
      <properties size='1'>
        <property name='download.size' value='56256'/>
      </properties>
    </artifact>
    <artifact classifier='osgi.bundle' id='org.eclipse.ecf.provider.filetransfer.httpclient.ssl' version='1.0.0.v20100529-0735'>
      <properties size='1'>
        <property name='download.size' value='16725'/>
      </properties>
    </artifact>
    <artifact classifier='osgi.bundle' id='org.eclipse.wst.sse.ui.infopop' version='1.0.300.v201004150328'>
      <properties size='1'>
        <property name='download.size' value='9053'/>
      </properties>
    </artifact>
    <artifact classifier='osgi.bundle' id='org.eclipse.mylyn.wikitext.textile.core' version='1.3.0.v20100608-0100-e3x'>
      <properties size='1'>
        <property name='download.size' value='59268'/>
      </properties>
    </artifact>
    <artifact classifier='osgi.bundle' id='org.eclipse.mylyn.monitor.core' version='3.4.0.v20100608-0100-e3x'>
      <properties size='1'>
        <property name='download.size' value='36656'/>
      </properties>
    </artifact>
    <artifact classifier='osgi.bundle' id='org.eclipse.mylyn.wikitext.textile.ui' version='1.3.0.v20100608-0100-e3x'>
      <properties size='1'>
        <property name='download.size' value='10768'/>
      </properties>
    </artifact>
    <artifact classifier='org.eclipse.update.feature' id='org.eclipse.rcp' version='3.6.1.r361_v20100827-9OArFLdFjY-ThSQXmKvKz0_T'>
      <properties size='1'>
        <property name='download.size' value='31280'/>
      </properties>
      <repositoryProperties size='1'>
        <property name='artifact.folder' value='true'/>
      </repositoryProperties>
    </artifact>
    <artifact classifier='osgi.bundle' id='org.sat4j.core' version='2.2.0.v20100429'>
      <properties size='1'>
        <property name='download.size' value='193845'/>
      </properties>
    </artifact>
    <artifact classifier='osgi.bundle' id='org.eclipse.equinox.p2.director.app' version='1.0.201.R36x_v20100823'>
      <properties size='1'>
        <property name='download.size' value='53983'/>
      </properties>
    </artifact>
    <artifact classifier='org.eclipse.update.feature' id='org.eclipse.mylyn.wikitext_feature' version='1.3.2.v20100916-0100-e3x-7F7e1FC7sReRSnX-DReRRD'>
      <properties size='1'>
        <property name='download.size' value='18348'/>
      </properties>
      <repositoryProperties size='1'>
        <property name='artifact.folder' value='true'/>
      </repositoryProperties>
    </artifact>
    <artifact classifier='osgi.bundle' id='org.eclipse.equinox.p2.touchpoint.natives' version='1.0.200.v20100503a'>
      <properties size='1'>
        <property name='download.size' value='49914'/>
      </properties>
    </artifact>
    <artifact classifier='osgi.bundle' id='org.junit' version='3.8.2.v3_8_2_v20100427-1100'>
      <properties size='1'>
        <property name='download.size' value='119476'/>
      </properties>
      <repositoryProperties size='1'>
        <property name='artifact.folder' value='true'/>
      </repositoryProperties>
    </artifact>
    <artifact classifier='osgi.bundle' id='org.eclipse.mylyn.bugzilla.ui' version='3.4.2.v20100909-0100-e3x'>
      <properties size='1'>
        <property name='download.size' value='200756'/>
      </properties>
    </artifact>
    <artifact classifier='osgi.bundle' id='org.eclipse.jdt.compiler.apt' version='1.0.300.v20100513-0845'>
      <properties size='1'>
        <property name='download.size' value='152159'/>
      </properties>
    </artifact>
    <artifact classifier='osgi.bundle' id='org.eclipse.equinox.p2.reconciler.dropins' version='1.1.0.v20100525'>
      <properties size='1'>
        <property name='download.size' value='43594'/>
      </properties>
    </artifact>
    <artifact classifier='osgi.bundle' id='org.eclipse.ecf.filetransfer' version='4.0.0.v20100529-0735'>
      <properties size='1'>
        <property name='download.size' value='51226'/>
      </properties>
    </artifact>
    <artifact classifier='osgi.bundle' id='org.hamcrest.core' version='1.1.0.v20090501071000'>
      <properties size='1'>
        <property name='download.size' value='27828'/>
      </properties>
    </artifact>
    <artifact classifier='osgi.bundle' id='org.eclipse.equinox.ds' version='1.2.1.R36x_v20100803'>
      <properties size='1'>
        <property name='download.size' value='184119'/>
      </properties>
    </artifact>
    <artifact classifier='osgi.bundle' id='org.eclipse.jdt.junit.runtime' version='3.4.200.v20100526-0800'>
      <properties size='1'>
        <property name='download.size' value='52238'/>
      </properties>
    </artifact>
    <artifact classifier='osgi.bundle' id='org.eclipse.osgi.util' version='3.2.100.v20100503'>
      <properties size='1'>
        <property name='download.size' value='23764'/>
      </properties>
    </artifact>
    <artifact classifier='osgi.bundle' id='org.eclipse.ui.win32' version='3.2.200.I20100509-0800'>
      <properties size='1'>
        <property name='download.size' value='24638'/>
      </properties>
    </artifact>
    <artifact classifier='osgi.bundle' id='org.eclipse.core.commands' version='3.6.0.I20100512-1500'>
      <properties size='1'>
        <property name='download.size' value='107209'/>
      </properties>
    </artifact>
  </artifacts>
</repository>
