<?xml version="1.0" encoding="UTF-8"?>
<!-- contextQualifierLength=13 -->
<feature
      id="org.eclipse.epp.package.java.feature"
      label="EPP Java Package"
      version="1.3.1.20100916-1202"
      provider-name="Eclipse Packaging Project"
      plugin="org.eclipse.epp.package.java">

   <description>
      The essential tools for any Java developer, including a Java IDE, a CVS client, XML Editor and Mylyn.
   </description>

   <license url="license.html">
      %license
   </license>

   <url>
      <discovery label="Helios" url="http://download.eclipse.org/releases/helios/"/>
      <discovery label="Eclipse Platform 3.6" url="http://download.eclipse.org/eclipse/updates/3.6"/>
      <discovery label="Mylyn Updates" url="http://download.eclipse.org/tools/mylyn/update/e3.4/"/>
   </url>

   <includes
         id="org.eclipse.platform"
         version="3.6.1.r361_v20100909-9gF78GrkFqw7GrsZnvz0JWNTeb6fue6896L"
         search-location="both"/>

   <requires>
      <import feature="org.eclipse.cvs" version="1.1.0" match="greaterOrEqual"/>
      <import feature="org.eclipse.equinox.p2.user.ui" version="1.1.0" match="greaterOrEqual"/>
      <import feature="org.eclipse.help" version="1.1.0" match="greaterOrEqual"/>
      <import feature="org.eclipse.jdt" version="3.6.0" match="greaterOrEqual"/>
      <import feature="org.eclipse.platform" version="3.6.0" match="greaterOrEqual"/>
      <import feature="org.eclipse.rcp" version="3.6.0" match="greaterOrEqual"/>
      <import feature="org.eclipse.wst.xml_ui.feature"/>
      <import feature="org.eclipse.mylyn.ide_feature"/>
      <import feature="org.eclipse.mylyn.java_feature"/>
      <import feature="org.eclipse.mylyn.bugzilla_feature"/>
      <import feature="org.eclipse.mylyn.context_feature"/>
      <import feature="org.eclipse.mylyn_feature"/>
      <import feature="org.eclipse.mylyn.wikitext_feature"/>
      <import feature="org.eclipse.epp.package.common.feature"/>
   </requires>

   <plugin
         id="org.eclipse.epp.package.java"
         download-size="0"
         install-size="0"
         version="1.3.1.20100913-1228"/>

</feature>
