<?xml version="1.0" encoding="UTF-8"?>
<config date="1284708876656" transient="false">
	<site url="platform:/base/" policy="USER-EXCLUDE" updateable="true" enabled="true">
		<feature version="3.2.2.v201008170029-7C7OFXYF7RZHQHI5PyJwPT" url="features/org.eclipse.wst.xml_core.feature_3.2.2.v201008170029-7C7OFXYF7RZHQHI5PyJwPT/" id="org.eclipse.wst.xml_core.feature">
		</feature>
		<feature version="1.3.1.20100916-1202" url="features/org.eclipse.epp.package.java.feature_1.3.1.20100916-1202/" plugin-identifier="org.eclipse.epp.package.java" id="org.eclipse.epp.package.java.feature">
		</feature>
		<feature version="3.4.2.v20100916-0100-e3x-777718s73533L3L135331" url="features/org.eclipse.mylyn.context_feature_3.4.2.v20100916-0100-e3x-777718s73533L3L135331/" plugin-identifier="org.eclipse.mylyn" id="org.eclipse.mylyn.context_feature">
		</feature>
		<feature version="2.0.1.r361_v20100903-897HFZFFZRuSD2LMtVxyz0Vr" url="features/org.eclipse.equinox.p2.user.ui_2.0.1.r361_v20100903-897HFZFFZRuSD2LMtVxyz0Vr/" id="org.eclipse.equinox.p2.user.ui">
		</feature>
		<feature version="3.2.2.v201008091400-7C78FPhEdhO_mXde7kbap_K7X1Qt" url="features/org.eclipse.wst.common_ui.feature_3.2.2.v201008091400-7C78FPhEdhO_mXde7kbap_K7X1Qt/" id="org.eclipse.wst.common_ui.feature">
		</feature>
		<feature version="3.6.1.r361_v20100909-9gF78GrkFqw7GrsZnvz0JWNTeb6fue6896L" url="features/org.eclipse.platform_3.6.1.r361_v20100909-9gF78GrkFqw7GrsZnvz0JWNTeb6fue6896L/" id="org.eclipse.platform">
		</feature>
		<feature version="3.4.2.v20100916-0100-e3x-7Z7f77FBBoPbPQeUoFeZXJ8" url="features/org.eclipse.mylyn_feature_3.4.2.v20100916-0100-e3x-7Z7f77FBBoPbPQeUoFeZXJ8/" plugin-identifier="org.eclipse.mylyn" id="org.eclipse.mylyn_feature">
		</feature>
		<feature version="3.4.2.v20100916-0100-e3x-7G7J2BgJ9E99jDd49E994" url="features/org.eclipse.mylyn.ide_feature_3.4.2.v20100916-0100-e3x-7G7J2BgJ9E99jDd49E994/" plugin-identifier="org.eclipse.mylyn" id="org.eclipse.mylyn.ide_feature">
		</feature>
		<feature version="3.2.100.v201005241420-50FXNAkF7B77RBgFFBF" url="features/org.eclipse.wst.xml_userdoc.feature_3.2.100.v201005241420-50FXNAkF7B77RBgFFBF/" id="org.eclipse.wst.xml_userdoc.feature">
		</feature>
		<feature version="1.2.0.v20100427-7B77FKt90GE5h0SBT5FV9A01911" url="features/org.eclipse.cvs_1.2.0.v20100427-7B77FKt90GE5h0SBT5FV9A01911/" id="org.eclipse.cvs">
		</feature>
		<feature version="1.0.1.v20100826-2143" url="features/org.eclipse.epp.mpc_1.0.1.v20100826-2143/" plugin-identifier="org.eclipse.epp.mpc.ui" id="org.eclipse.epp.mpc">
		</feature>
		<feature version="3.4.2.v20100916-0100-e3x-4317w31211A1A012110" url="features/org.eclipse.mylyn.team_feature_3.4.2.v20100916-0100-e3x-4317w31211A1A012110/" plugin-identifier="org.eclipse.mylyn" id="org.eclipse.mylyn.team_feature">
		</feature>
		<feature version="1.2.0.v20100427-7e7jEQFEp4jsWcboLU9l93" url="features/org.eclipse.help_1.2.0.v20100427-7e7jEQFEp4jsWcboLU9l93/" plugin-identifier="org.eclipse.help.base" id="org.eclipse.help">
		</feature>
		<feature version="1.0.0.v20100510-4--9oB5855K7P" url="features/org.eclipse.equinox.p2.discovery.feature_1.0.0.v20100510-4--9oB5855K7P/" id="org.eclipse.equinox.p2.discovery.feature">
		</feature>
		<feature version="3.2.2.v201008091400-7B7DFElF7RZHOZJ6W0PsNJ" url="features/org.eclipse.wst.common_core.feature_3.2.2.v201008091400-7B7DFElF7RZHOZJ6W0PsNJ/" id="org.eclipse.wst.common_core.feature">
		</feature>
		<feature version="3.4.2.v20100916-0100-e3x-7D773BgJ9DH9fCc4CICE1" url="features/org.eclipse.mylyn.bugzilla_feature_3.4.2.v20100916-0100-e3x-7D773BgJ9DH9fCc4CICE1/" plugin-identifier="org.eclipse.mylyn" id="org.eclipse.mylyn.bugzilla_feature">
		</feature>
		<feature version="1.3.0.R201005261100" url="features/org.eclipse.epp.usagedata.feature_1.3.0.R201005261100/" id="org.eclipse.epp.usagedata.feature">
		</feature>
		<feature version="3.2.2.v201008170029-7H7AFUQDxumQGOpBqffOY2f1qxDZ" url="features/org.eclipse.wst.xml_ui.feature_3.2.2.v201008170029-7H7AFUQDxumQGOpBqffOY2f1qxDZ/" plugin-identifier="org.eclipse.wst.xml.ui" id="org.eclipse.wst.xml_ui.feature">
		</feature>
		<feature version="1.3.1.20100916-1202" url="features/org.eclipse.epp.package.common.feature_1.3.1.20100916-1202/" id="org.eclipse.epp.package.common.feature">
		</feature>
		<feature version="3.6.1.r361_v20100827-9OArFLdFjY-ThSQXmKvKz0_T" url="features/org.eclipse.rcp_3.6.1.r361_v20100827-9OArFLdFjY-ThSQXmKvKz0_T/" id="org.eclipse.rcp">
		</feature>
		<feature version="1.3.2.v20100916-0100-e3x-7F7e1FC7sReRSnX-DReRRD" url="features/org.eclipse.mylyn.wikitext_feature_1.3.2.v20100916-0100-e3x-7F7e1FC7sReRSnX-DReRRD/" plugin-identifier="org.eclipse.mylyn" id="org.eclipse.mylyn.wikitext_feature">
		</feature>
		<feature version="3.4.2.v20100916-0100-e3x-7D7F-AkF7B77V7c37B773" url="features/org.eclipse.mylyn.java_feature_3.4.2.v20100916-0100-e3x-7D7F-AkF7B77V7c37B773/" plugin-identifier="org.eclipse.mylyn" id="org.eclipse.mylyn.java_feature">
		</feature>
		<feature version="3.6.1.r361_v20100714-0800-7z8XFUSFLFlmgLc5z-Bvrt8-HVkH" url="features/org.eclipse.jdt_3.6.1.r361_v20100714-0800-7z8XFUSFLFlmgLc5z-Bvrt8-HVkH/" id="org.eclipse.jdt">
		</feature>
	</site>
</config>
